"module","trait","correlation","n_events","p_value","FDR","absolute_correlation"
"MEblack","conductivity_7d_spline_mean",-0.996252737326953,6,2.10366568220713e-05,0.000875954089139597,0.996252737326953
"MEblack","salinity_7d_spline_mean",-0.995912506407623,6,2.50272596897028e-05,0.000875954089139597,0.995912506407623
"MEblack","month_Aug",0.915280968674899,6,0.0104619438468167,0.211895476331145,0.915280968674899
"MEgreen","month_Jul",0.90875624456445,6,0.0121083129332083,0.211895476331145,0.90875624456445
"MEred","DO_7d_mean",-0.818053113707334,6,0.0466453583849809,0.507027548141953,0.818053113707334
"MEblack","DO_7d_mean",-0.803138679175134,6,0.0543169502738311,0.507027548141953,0.803138679175134
"MEred","conductivity_7d_spline_mean",-0.799410009764936,6,0.0563190123304231,0.507027548141953,0.799410009764936
"MEred","salinity_7d_spline_mean",-0.796424650727597,6,0.0579460055019375,0.507027548141953,0.796424650727597
"MEbrown","location_DAF",-0.765250769956184,6,0.076192615006213,0.592609227826101,0.765250769956184
"MEgreen","temperature_7d_mean",0.739371913225522,6,0.0930386574484989,0.651270602139492,0.739371913225522
"MEblue","month_Jun",0.696240486260528,6,0.124390842083054,0.683710617885145,0.696240486260528
"MEturquoise","location_DAF",-0.692423369411119,6,0.127356180528634,0.683710617885145,0.692423369411119
"MEblue","precipitation_7d_total_mm",-0.690128994330077,6,0.129153147028703,0.683710617885145,0.690128994330077
"MEblack","precipitation_7d_total_mm",0.672094425308938,6,0.143654556462549,0.683710617885145,0.672094425308938
"MEturquoise","pH_7d_available_mean",0.747374821066748,5,0.146509418118245,0.683710617885145,0.747374821066748
"MEblue","location_DAF",0.652225752694391,6,0.160389277367326,0.701703088482051,0.652225752694391
"MEgreen","month_Aug",-0.610493541257475,6,0.198025881105177,0.757000052779012,0.610493541257475
"MEbrown","pH_7d_available_mean",0.678083153801459,5,0.208342585434599,0.757000052779012,0.678083153801459
"MEred","pH_7d_available_mean",-0.639082102023131,5,0.245703019482143,0.757000052779012,0.639082102023131
"MEred","location_DAF",0.545541473271298,6,0.262868589005568,0.757000052779012,0.545541473271298
"MEred","month_Aug",0.544791045355215,6,0.263659683026285,0.757000052779012,0.544791045355215
"MEgreen","pH_7d_available_mean",0.609579172308915,5,0.275043894300776,0.757000052779012,0.609579172308915
"MEgreen","conductivity_7d_spline_mean",0.529437393301177,6,0.280045607265052,0.757000052779012,0.529437393301177
"MEgreen","salinity_7d_spline_mean",0.529285071996546,6,0.280210063250247,0.757000052779012,0.529285071996546
"MEblack","month_Jun",-0.520096164366752,6,0.290198764930587,0.757000052779012,0.520096164366752
"MEturquoise","month_Aug",0.503680978690175,6,0.308369086114543,0.757000052779012,0.503680978690175
"MEblack","pH_7d_available_mean",-0.576869183906743,5,0.308568247601186,0.757000052779012,0.576869183906743
"MEblue","month_Aug",-0.492379952485324,6,0.321115881067602,0.757000052779012,0.492379952485324
"MEturquoise","precipitation_7d_total_mm",0.490178029372613,6,0.323621596517875,0.757000052779012,0.490178029372613
"MEbrown","DO_7d_mean",0.489470204132115,6,0.324428594048148,0.757000052779012,0.489470204132115
"MEyellow","location_DAF",0.460936390344723,6,0.357561230199402,0.793491966068976,0.460936390344723
"MEturquoise","month_Jun",-0.447212972728039,6,0.373901713626622,0.793491966068976,0.447212972728039
"MEblue","temperature_7d_mean",-0.447068759138938,6,0.374074784003946,0.793491966068976,0.447068759138938
"MEblue","pH_7d_available_mean",-0.466577235635573,5,0.428254675248086,0.876162004829277,0.466577235635573
"MEblack","month_Jul",-0.395184804308147,6,0.438081002414638,0.876162004829277,0.395184804308147
"MEbrown","month_Jul",0.356185669498581,6,0.488315818678356,0.892314113706488,0.356185669498581
"MEyellow","month_Aug",-0.35172823531734,6,0.494164280913084,0.892314113706488,0.35172823531734
"MEred","month_Jul",-0.34240142977227,6,0.506469211289593,0.892314113706488,0.34240142977227
"MEbrown","conductivity_7d_spline_mean",0.33232033892852,6,0.519869690284023,0.892314113706488,0.33232033892852
"MEbrown","salinity_7d_spline_mean",0.331141263685158,6,0.521443675367457,0.892314113706488,0.331141263685158
"MEgreen","location_DAF",-0.320229900021313,6,0.53607448798731,0.892314113706488,0.320229900021313
"MEred","precipitation_7d_total_mm",0.307755837311948,6,0.552940584193265,0.892314113706488,0.307755837311948
"MEgreen","month_Jun",-0.298262703306975,6,0.565872765554135,0.892314113706488,0.298262703306975
"MEblue","salinity_7d_spline_mean",0.293214061773113,6,0.572783371467938,0.892314113706488,0.293214061773113
"MEblue","conductivity_7d_spline_mean",0.289641822589029,6,0.577686637819697,0.892314113706488,0.289641822589029
"MEyellow","DO_7d_mean",-0.283329592378568,6,0.586377846149978,0.892314113706488,0.283329592378568
"MEyellow","temperature_7d_mean",0.261094906314344,6,0.617257132224793,0.89678574923344,0.261094906314344
"MEyellow","precipitation_7d_total_mm",-0.231649595988315,6,0.658740942506202,0.89678574923344,0.231649595988315
"MEblack","location_DAF",0.227862890568053,6,0.664121155330823,0.89678574923344,0.227862890568053
"MEyellow","month_Jul",0.226315386859832,6,0.666322704494763,0.89678574923344,0.226315386859832
"MEblue","month_Jul",-0.203860533775204,6,0.698445331248174,0.89678574923344,0.203860533775204
"MEturquoise","salinity_7d_spline_mean",-0.202938190990941,6,0.699771607545587,0.89678574923344,0.202938190990941
"MEred","month_Jun",-0.202389615582945,6,0.700560673462015,0.89678574923344,0.202389615582945
"MEturquoise","conductivity_7d_spline_mean",-0.198767749052887,6,0.705774895961011,0.89678574923344,0.198767749052887
"MEbrown","month_Jun",-0.179127446600915,6,0.73418262923562,0.89678574923344,0.179127446600915
"MEbrown","month_Aug",-0.177058222897666,6,0.737188019151362,0.89678574923344,0.177058222897666
"MEbrown","temperature_7d_mean",0.171198358254664,6,0.745711278504741,0.89678574923344,0.171198358254664
"MEturquoise","temperature_7d_mean",0.166459457152787,6,0.752617006085387,0.89678574923344,0.166459457152787
"MEgreen","DO_7d_mean",0.160614646344003,6,0.761149723689339,0.89678574923344,0.160614646344003
"MEturquoise","DO_7d_mean",0.143755361071573,6,0.785852354063302,0.89678574923344,0.143755361071573
"MEyellow","salinity_7d_spline_mean",0.139643934224999,6,0.791895656930541,0.89678574923344,0.139643934224999
"MEyellow","conductivity_7d_spline_mean",0.137956973295424,6,0.794377347339201,0.89678574923344,0.137956973295424
"MEyellow","month_Jun",0.125412848457508,6,0.812866997942867,0.89678574923344,0.125412848457508
"MEred","temperature_7d_mean",-0.115586522060921,6,0.827392348982288,0.89678574923344,0.115586522060921
"MEbrown","precipitation_7d_total_mm",0.104817517480481,6,0.843349523716304,0.89678574923344,0.104817517480481
"MEyellow","pH_7d_available_mean",-0.121612367575389,5,0.845540849277243,0.89678574923344,0.121612367575389
"MEblue","DO_7d_mean",0.0772933460090128,6,0.884290866310826,0.923885979727728,0.0772933460090128
"MEgreen","precipitation_7d_total_mm",0.0660092534601672,6,0.901129928280335,0.927633749700345,0.0660092534601672
"MEturquoise","month_Jul",-0.0564680059621365,6,0.91538801900658,0.92865451203566,0.0564680059621365
"MEblack","temperature_7d_mean",-0.0156460040842549,6,0.97653290892452,0.97653290892452,0.0156460040842549
